Outlet Type,Total_Sales,Avg_Sales,Number_of_Items,Avg_Rating
Grocery Store,151939.149,140.29468975069253,901,3.985872576177284
Supermarket Type2,131477.77639999994,141.6786383620689,928,3.9712284482758555
Supermarket Type3,130714.67460000006,139.80179101604284,935,3.9529411764705853
Supermarket Type1,787549.8928000013,141.21389506903375,1550,3.9632418863188126
