Outlet Location Type,Total_Sales
Tier 1,336397.81199999945
Tier 2,393150.64759999956
Tier 3,472133.03319999954
