Item Fat Content,Total_Sales,Avg_Sales,CountDistinctNonNull_Sales, Number_of_Items,Avg_Rating
Regular,409413.1233999998,141.71447677397018,2421,551,3.962720664589843
low fat,15071.732800000005,134.5690428571429,112,105,3.8455357142857145
LF,43857.10819999996,138.78831708860747,309,275,3.8683544303797457
Low Fat,717390.8474,140.96892265671053,4002,1008,3.9750245627824774
reg,15948.681000000006,136.31351282051287,116,108,4.023076923076922
