Outlet Size,Total_Sales
Small,444794.17039999936
Medium,507895.7363999993
High,248991.58600000024
